,hash,name,cty,age,rank_1,rank_2,rank_3,rank_4,rank_5,rank_6,rank_7,rank_8,rank_9,rank_10,rank_11,rank_12,score_1,score_2,score_3,score_4,score_5,score_6,score_7,score_8,score_9,score_10,score_11,score_12,trans_1,trans_2,trans_3,trans_4,trans_5,trans_6,trans_7,trans_8,trans_9,trans_10,trans_11,trans_12,zscore_1,zscore_2,zscore_3,zscore_4,zscore_5,zscore_6,zscore_7,zscore_8,zscore_9,zscore_10,zscore_11,zscore_12,small_num_adjust,compscore,avg-z_mul-sna_plus-cs,sna1,cs1,rp1,sna2,cs2,rp2,sna3,cs3,rp3,rp
0,c25e32476639ed4cd743d1069658dfd0,JEFFREY ADLER,CA,29,2.0,25.0,15.0,8.0,8.0,1.0,2.0,7.0,4.0,1.0,7.0,5.0,7 rep,17:59.34,05:57.78,14:33.78,04:59.86,07:56.58,16:46.48,07:57.16,642 lb,07:28.70,08:38.44,07:09.74,7.0,-1079.34,-357.78,-873.78,-299.86,-476.58,-1006.48,-477.16,642.0,-448.7,-518.44,-429.74,0.2886751345948118,0.4102839888996563,0.4320582536117313,0.4942261845789058,0.3781598391331415,1.667426627611002,1.0212920651668385,0.8795574853156817,0.5035878955083899,1.4507749764894644,0.4004492885121985,0.8051999706687599,1.0,,,1.0,0.993008021293985,160.48130260321932,1.0,0.9767623651244833,88.912075689406,0.816496580927726,0.9225214549945453,82.27542784836808,331.6688061409934
1,46678b2b4d558eede9f0f42778a3e5f8,PATRICK VELLNER,CA,33,27.0,6.0,6.0,27.0,6.0,6.0,10.0,1.0,12.0,5.0,2.0,11.0,7 rep,15:36.50,04:48.38,CAP+1,04:55.13,08:16.52,17:29.52,07:21.36,623 lb,07:55.62,07:49.95,07:46.27,7.0,-936.5,-288.38,-30659.8,-295.13,-496.52,-1049.52,-441.36,623.0,-475.62,-469.95,-466.27,0.2886751345948118,0.4636087257166157,0.4568365605784064,-2.320622509727392,0.3888587015313971,0.8919076529347277,0.5271092256157089,2.119655600483447,0.2764952527553976,0.6927960853279627,1.4412267982917242,0.0313318097455625,1.0,,,1.0,0.993008021293985,102.12187322320794,1.0,0.9767623651244833,97.55911957046672,0.816496580927726,0.9225214549945453,75.59281781020277,275.27381060387745
2,15a40ee6a1f992312986a3165f6616d6,ROMAN KHRENNIKOV,US,28,4.0,1.0,5.0,1.0,9.0,5.0,3.0,17.0,16.0,4.0,20.0,20.0,7 rep,14:28.77,04:40.23,12:34.59,05:00.83,08:13.25,16:57.08,08:24.09,617 lb,07:52.68,CAP+115,CAP+98,7.0,-868.77,-280.23,-754.59,-300.83,-493.25,-1017.08,-504.09,617.0,-472.68,-660.0,-600.0,0.2886751345948118,0.4888935508679226,0.4597464049844352,0.5054899189037457,0.3759657806709201,1.0190865419613775,0.899583466206755,-0.053287270032582,0.2047817866228737,0.7755768409005782,-2.637959956371064,-2.8016654297906896,1.0,,,1.0,0.993008021293985,151.59842432911873,1.0,0.9767623651244833,66.35608463617496,0.816496580927726,0.9225214549945453,-17.343588758384154,200.61092020690953
3,fe342be4ee71e457f7bf7c2863a88ca7,BRENT FIKOWSKI,CA,32,10.0,3.0,23.0,3.0,21.0,11.0,5.0,15.0,8.0,14.0,1.0,13.0,7 rep,15:04.80,CAP+1,13:21.91,05:29.54,08:21.42,17:07.96,08:20.39,629 lb,08:20.40,07:45.08,07:50.69,7.0,-904.8,-13020.0,-801.91,-329.54,-501.42,-1027.96,-500.39,629.0,-500.4,-465.08,-470.69,0.2886751345948118,0.4754429049178032,-4.088811689321596,0.5010180680081049,0.3110261740210437,0.7013337825278184,0.7746599231231981,0.0748792949428568,0.3482087188879215,-0.0049274259269401,1.545755288137595,-0.0623034837469244,1.0,,,1.0,0.993008021293985,69.11220837519828,1.0,0.9767623651244833,68.80058387212378,0.816496580927726,0.9225214549945453,66.24624108029272,204.15903332761476
4,fec2751c5dae50a537fb671dbfeef28b,DALLIN PEPPER,US,21,8.0,13.0,17.0,4.0,29.0,18.0,25.0,5.0,8.0,7.0,5.0,1.0,7 rep,16:33.15,06:27.82,13:57.83,CAP,08:30.75,18:55.08,07:55.53,629 lb,07:56.62,08:17.85,06:44.79,7.0,-993.15,-387.82,-837.83,-360.0857142857143,-510.75,-1135.08,-475.53,629.0,-476.62,-497.85,-404.79,0.2886751345948118,0.4424602635163864,0.42133288846362,0.4976235438286582,0.2419343359662269,0.3384655762224208,-0.4552858429715271,0.9360200531291878,0.3482087188879215,0.6646393657454402,0.8423880166285203,1.3337521364238594,1.0,,,1.0,0.993008021293985,136.4756645059339,1.0,0.9767623651244833,62.6538337403172,0.816496580927726,0.9225214549945453,84.78418548752612,283.91368373377725
5,afdd6862e924be00fbe369bb0eeb357e,JONNE KOSKI,FI,28,1.0,26.0,11.0,14.0,16.0,20.0,20.0,2.0,24.0,2.0,3.0,4.0,7 rep,CAP+1,05:13.49,15:55.07,05:19.54,08:34.95,18:14.71,07:45.38,582 lb,07:31.43,08:02.29,07:08.92,7.0,-9789.8652,-313.49,-955.07,-319.54,-514.95,-1094.71,-465.38,582.0,-451.43,-482.29,-428.92,0.2886751345948118,-2.841511473348268,0.44787138351885,0.4865440890736937,0.3336453334253894,0.1751165444450693,0.0082402079736182,1.2876121165077572,-0.213546765816849,1.3739071320291778,1.1763640540005431,0.8225712242126147,1.0,,,1.0,0.993008021293985,80.80648565789093,1.0,0.9767623651244833,66.87654423396627,0.816496580927726,0.9225214549945453,92.02464434924222,239.70767424109943
6,aa2cbe8a96a72134013b5539a90d9ca3,CHANDLER SMITH,US,30,17.0,15.0,7.0,9.0,7.0,7.0,7.0,12.0,10.0,9.0,19.0,12.0,7 rep,16:49.98,04:50.28,14:49.37,04:57.11,08:17.72,17:09.03,08:10.41,628 lb,08:10.53,10:17.87,07:49.73,7.0,-1009.98,-290.28,-889.37,-297.11,-497.72,-1029.03,-490.41,628.0,-490.53,-617.87,-469.73,0.2886751345948118,0.4361773223190367,0.4561581919438721,0.4927528930433386,0.3843801079693366,0.8452365009983402,0.7623742437942093,0.4205826242549866,0.3362564745325008,0.2729793963525554,-1.733691932304012,-0.0419664064272897,1.0,,,1.0,0.993008021293985,147.69047131054413,1.0,0.9767623651244833,74.15834063258578,0.816496580927726,0.9225214549945453,25.677202438321633,247.52601438145155
7,0287d5a67eceea7a80fe6562b59b0d8a,JAY CROUCH,AU,24,3.0,10.0,4.0,22.0,22.0,8.0,6.0,10.0,19.0,20.0,8.0,6.0,7 rep,16:17.00,04:27.72,CAP+1,05:33.46,08:18.36,17:08.62,08:03.51,610 lb,09:34.77,08:45.65,07:11.94,7.0,-977.0,-267.72,-30659.8,-333.46,-498.36,-1028.62,-483.51,610.0,-574.77,-525.65,-431.94,0.2886751345948118,0.4484893485037421,0.4642129268886586,-2.320622509727392,0.3021594635345404,0.8203452199656018,0.7670818405464399,0.6595959481281044,0.1211160761349291,-2.0989426612791267,0.2456956105268347,0.7585941684779297,1.0,,,1.0,0.993008021293985,99.35512852539789,1.0,0.9767623651244833,74.63468266971539,0.816496580927726,0.9225214549945453,31.22973382173231,205.2195450168456
8,750939afeb6c43a9e565fddcd894d591,LAZAR ĐUKIĆ,RS,27,35.0,2.0,22.0,18.0,19.0,3.0,4.0,6.0,20.0,12.0,6.0,8.0,7 rep,14:44.74,06:34.03,17:36.78,05:27.54,08:08.12,17:02.63,07:56.38,607 lb,08:13.59,08:30.61,07:24.11,7.0,-884.74,-394.03,-1056.78,-327.54,-488.12,-1022.63,-476.38,607.0,-493.59,-510.61,-444.11,0.2886751345948118,0.482931663112624,0.419115694137063,0.4769322557136847,0.3155500059019129,1.2186057164894262,0.8358586809021837,0.9065763827969916,0.0852593430686672,0.186819834430037,0.5685104949789693,0.500779344540472,1.0,,,1.0,0.993008021293985,152.66430996189055,1.0,0.9767623651244833,79.29969170235486,0.816496580927726,0.9225214549945453,63.2195603172271,295.1835619814725
9,35de9a7838069980a88a3a866ec96422,JELLE HOSTE,BE,28,6.0,30.0,21.0,12.0,4.0,14.0,1.0,11.0,28.0,3.0,17.0,7.0,7 rep,CAP+2,06:33.50,15:12.84,04:53.48,08:23.49,16:39.68,08:04.98,545 lb,07:47.90,09:26.73,07:17.49,7.0,-4894.9326,-393.5,-912.84,-293.48,-503.49,-999.68,-484.98,545.0,-467.9,-566.73,-437.49,0.2886751345948118,-1.0141452409780964,0.4193049232824858,0.4905349230407881,0.392590862833114,0.6208260454375535,1.0993692795940622,0.608675718259483,-0.655779806967413,0.9101659605050358,-0.6360354701442913,0.6410204402237891,1.0,,,1.0,0.993008021293985,119.26391293290945,1.0,0.9767623651244833,66.37587143765971,0.816496580927726,0.9225214549945453,58.57969951397891,244.21948388454805
10,30f86cd8d7107ab523c380e9fdd70b94,BJÖRGVIN KARL GUÐMUNDSSON,IS,30,5.0,9.0,25.0,6.0,15.0,13.0,12.0,4.0,30.0,10.0,4.0,16.0,7 rep,16:12.76,CAP+5,14:23.84,05:16.12,08:23.20,17:42.06,07:53.52,190 lb,08:10.95,08:02.91,08:21.52,7.0,-972.76,-2604.0,-863.84,-316.12,-503.2,-1062.06,-473.52,190.0,-490.95,-482.91,-501.52,0.2886751345948118,0.4500722166366455,-0.3699234275796947,0.4951655378735522,0.3413810859416756,0.6321049071555142,0.3831256566572715,1.0056456735617911,-4.898826553141744,0.2611535741278956,1.1630565255191387,-0.7154202480847888,1.0,,,1.0,0.993008021293985,129.92539303977358,1.0,0.9767623651244833,-9.66280212582052,0.816496580927726,0.9225214549945453,55.771480923008,176.03407183696106
11,526887d795b07cd6b112d2263e257a56,BAYLEY MARTIN,NZ,23,15.0,21.0,3.0,21.0,13.0,12.0,14.0,3.0,12.0,13.0,11.0,15.0,7 rep,17:44.93,04:25.68,17:59.52,05:10.29,08:22.93,17:50.90,07:50.05,623 lb,08:14.53,09:01.30,07:58.90,7.0,-1064.93,-265.68,-1079.52,-310.29,-502.93,-1070.9,-470.05,623.0,-494.53,-541.3,-478.9,0.2886751345948118,0.4156635006437922,0.4649412805804744,0.474783272421908,0.3545680558744091,0.6426059163412002,0.2816252779018797,1.125845127741459,0.2764952527553976,0.1603525180224661,-0.0902121648505529,-0.2362278637408866,1.0,,,1.0,0.993008021293985,143.32142147034176,1.0,0.9767623651244833,76.90421256286977,0.816496580927726,0.9225214549945453,43.86590800782119,264.0915420410327
12,74d5cc0b2ebbbc8c30ef8c2790397cf8,JUSTIN MEDEIROS,US,24,29.0,37.0,2.0,7.0,3.0,30.0,15.0,19.0,15.0,6.0,9.0,3.0,7 rep,CAP+8,04:03.63,14:31.17,04:51.88,08:51.24,17:51.20,08:25.82,621 lb,07:56.03,08:57.93,07:00.01,7.0,-1223.73315,-243.63,-871.17,-291.88,-531.24,-1071.2,-505.82,621.0,-476.03,-537.93,-420.01,0.2886751345948118,0.3563794332995319,0.4728139271023072,0.4944728356955081,0.3962099283378094,-0.458444343091364,0.2781806949124439,-0.1132137990616395,0.2525907640445563,0.6812518302991294,-0.0178793084274347,1.0113247230854785,1.0,,,1.0,0.993008021293985,125.1359173950419,1.0,0.9767623651244833,55.79741258781351,0.816496580927726,0.9225214549945453,68.91581565967084,249.84914564252625
13,b33d96aec6ee99731fa5bd42100664e6,WILL MOORAD,US,34,24.0,8.0,32.0,28.0,12.0,2.0,9.0,14.0,16.0,8.0,12.0,18.0,7 rep,16:00.90,CAP+9,CAP+3,05:09.43,08:05.63,17:14.82,08:19.73,617 lb,08:07.69,09:01.65,08:34.61,7.0,-960.9,-1446.6666666666667,-10219.933333333332,-309.43,-485.63,-1034.82,-499.73,617.0,-487.69,-541.65,-514.61,0.2886751345948118,0.4544997675933042,0.0432863792805164,-0.3890072083725455,0.3565133035831828,1.3154483567574269,0.6958937920980889,0.0977414389655017,0.2047817866228737,0.3529444799669182,-0.0977244793158624,-0.9927247711202304,1.0,,,1.0,0.993008021293985,133.79106435334344,1.0,0.9767623651244833,65.4784018843319,0.816496580927726,0.9225214549945453,36.08990402462779,235.35937026230314
14,f974c9539180338c224de7f64fdf9158,SAMUEL KWANT,US,27,21.0,35.0,30.0,20.0,2.0,23.0,11.0,8.0,23.0,15.0,13.0,2.0,7 rep,CAP+6,CAP+5,17:56.21,04:34.75,08:41.89,17:36.52,08:01.95,591 lb,08:37.29,09:01.71,06:48.70,7.0,-1631.6442,-2604.0,-1076.21,-274.75,-521.89,-1056.52,-481.95,591.0,-517.29,-541.71,-408.7,0.2886751345948118,0.204098913935351,-0.3699234275796947,0.4750960751789784,0.4349565483974534,-0.0947982842536918,0.4467356225288617,0.7136337430907223,-0.1059765666180631,-0.480494419675742,-0.0990123046527738,1.2509209152574297,1.0,,,1.0,0.993008021293985,114.93588480061865,1.0,0.9767623651244833,66.41133157291618,0.816496580927726,0.9225214549945453,55.262862604390826,236.61007897792564
15,5e761ff4dedd9c3b678e318e4fbe2be6,NOAH OHLSEN,US,32,26.0,16.0,12.0,16.0,26.0,4.0,16.0,18.0,21.0,18.0,10.0,9.0,7 rep,17:12.34,05:29.12,16:40.05,05:47.65,08:12.55,17:52.01,08:24.31,605 lb,09:19.22,09:00.31,07:33.93,7.0,-1032.34,-329.12,-1000.05,-347.65,-492.55,-1072.01,-504.31,605.0,-559.22,-540.31,-453.93,0.2886751345948118,0.4278299328257071,0.4422909089094964,0.4822933736619032,0.2700628763397739,1.0463113805909356,0.2688803208409665,-0.0609079847067983,0.0613548543578259,-1.6611056717709054,-0.0689630467915358,0.2927479911250381,1.0,,,1.0,0.993008021293985,148.59186224477563,1.0,0.9767623651244833,53.326904764424064,0.816496580927726,0.9225214549945453,26.5666150889074,228.4853820981071
16,f9f48dbb7e7720cefd927538e254652e,SPENCER PANCHIK,US,27,11.0,4.0,13.0,13.0,35.0,22.0,27.0,23.0,7.0,11.0,15.0,14.0,7 rep,15:20.83,05:38.42,15:38.15,CAP+13,08:40.15,19:40.66,08:41.42,635 lb,08:12.80,09:24.18,07:54.90,7.0,-920.83,-338.42,-938.15,-415.4835164835165,-520.15,-1180.66,-521.42,635.0,-492.8,-564.18,-474.9,0.2886751345948118,0.4694586180851522,0.4389704729615126,0.4881430687261502,0.1166291641099774,-0.0271251139459323,-0.978632818499886,-0.6535917486878151,0.4199221850204453,0.2090636429002286,-0.5813028933256099,-0.1514900415757404,1.0,,,1.0,0.993008021293985,128.87999120492637,1.0,0.9767623651244833,28.63307855343657,0.816496580927726,0.9225214549945453,38.99901981221702,196.51208957057997
17,23a50a2dbc1d864b783d23a8f747b42e,COLTEN MERTENS,US,25,23.0,22.0,14.0,11.0,1.0,17.0,23.0,20.0,22.0,19.0,14.0,10.0,7 rep,17:47.74,05:41.72,15:11.23,04:30.60,08:29.18,18:33.79,08:26.38,597 lb,09:28.90,09:05.53,07:42.89,7.0,-1067.74,-341.72,-911.23,-270.6,-509.18,-1113.79,-506.38,597.0,-568.9,-545.53,-462.89,0.2886751345948118,0.4146144771877879,0.4377922537541636,0.4906870718138647,0.4443434995502568,0.3995270000058584,-0.2108352701545304,-0.1326119818687331,-0.0342631004855392,-1.9336627173297205,-0.1810038511027164,0.1029352694751109,1.0,,,1.0,0.993008021293985,140.56145941117757,1.0,0.9767623651244833,42.542945714410784,0.816496580927726,0.9225214549945453,18.74987729399477,201.85428241958311
18,d26ef1792c6d329074e36674d31a87a3,NICK MATHEW,US,29,31.0,33.0,8.0,15.0,11.0,25.0,22.0,22.0,3.0,16.0,18.0,17.0,7 rep,CAP+5,04:51.69,16:06.41,05:08.11,08:46.52,18:27.52,08:39.49,644 lb,08:47.31,09:27.70,08:29.84,7.0,-1957.97304,-291.69,-966.41,-308.11,-526.52,-1107.52,-519.49,644.0,-527.31,-567.7,-509.84,0.2886751345948118,0.0822744984440062,0.4556547710098229,0.4854724324981111,0.3594990326245564,-0.2748711454749128,-0.1388434856753116,-0.5867372972276552,0.5274923842192313,-0.7626247498926153,-0.6568553130910054,-0.8916749181882928,1.0,,,1.0,0.993008021293985,122.57921419100511,1.0,0.9767623651244833,45.53664494482857,0.816496580927726,0.9225214549945453,14.675237081044756,182.79109621687843
19,6e26ff264682e241d9c5bf995f6f922c,ULDIS UPENIEKS,LV,25,20.0,14.0,18.0,24.0,31.0,9.0,8.0,21.0,27.0,17.0,16.0,19.0,7 rep,16:39.29,06:27.98,CAP+1,CAP+4,08:19.90,17:09.54,08:37.96,562 lb,08:57.54,09:24.25,09:06.00,7.0,-999.29,-387.98,-30659.8,-1350.321428571429,-499.9,-1029.54,-517.96,562.0,-537.54,-564.25,-546.0,0.2886751345948118,0.4401680912673236,0.4212757626838697,-2.320622509727392,-1.9978956109642356,0.760450574980575,0.7565184527121677,-0.5337386906297042,-0.452591652925262,-1.0506679912218193,-0.5828053562186728,-1.6577048305612152,1.0,,,1.0,0.993008021293985,59.16832617664771,1.0,0.9767623651244833,45.00792007551085,0.816496580927726,0.9225214549945453,1.3388105903549885,105.51505684251356
20,d58a51bce9ee27e535a527c3ecca22da,MORITZ FIEBIG,DE,28,7.0,5.0,19.0,35.0,18.0,35.0,28.0,29.0,4.0,21.0,21.0,21.0,7 rep,15:25.18,06:29.10,CAP+14,05:23.54,09:06.76,20:57.61,09:08.88,642 lb,,,,7.0,-925.18,-389.1,-2189.985714285714,-323.54,-546.76,-1257.61,-548.88,642.0,,,,0.2886751345948118,0.4678346849771029,0.4208758822256179,0.3698416600168585,0.3245976696636511,-1.062057908135284,-1.8621683552902983,-1.6047954984785096,0.5035878955083899,,,,1.0,,,1.0,0.993008021293985,112.79692085177781,1.0,0.9767623651244833,-0.5514810481161314,0.816496580927726,0.9225214549945453,,112.24543980366168
21,227c5ace724035b3c890e171999878e1,SAMUEL COURNOYER,CA,27,19.0,7.0,9.0,25.0,27.0,16.0,29.0,30.0,11.0,21.0,21.0,21.0,7 rep,15:47.53,04:57.40,CAP+1,05:54.68,08:27.87,22:23.05,09:41.58,625 lb,,,,7.0,-947.53,-297.4,-30659.8,-354.68,-507.87,-1343.05,-581.58,625.0,,,,0.2886751345948118,0.4594910286633319,0.4536160947449855,-2.320622509727392,0.2541616072785189,0.4504763408697461,-2.8431855906817614,-2.7375108159641512,0.3003997414662389,,,,1.0,,,1.0,0.993008021293985,92.39743040313188,1.0,0.9767623651244833,-39.166826163437065,0.816496580927726,0.9225214549945453,,53.23060423969481
22,12e0349cd8fcaa6d394612e02b5188ec,FABIAN BENEITO,ES,27,13.0,38.0,31.0,29.0,17.0,19.0,19.0,13.0,6.0,21.0,21.0,21.0,7 rep,CAP+9,CAP+5,CAP+10,05:22.92,08:31.52,18:11.92,08:15.32,637 lb,,,,7.0,-1087.7628,-2604.0,-3065.98,-322.92,-511.52,-1091.92,-495.32,637.0,,,,0.2886751345948118,0.4071396064209256,-0.3699234275796947,0.2870581471016508,0.3260000575467205,0.3085182537299074,0.0402748297753755,0.2505021285713641,0.4438266737312867,,,,1.0,,,1.0,0.993008021293985,120.09193165963718,1.0,0.9767623651244833,61.08151212419127,0.816496580927726,0.9225214549945453,,181.17344378382845
23,3ae7ef0bda6ff702df163f8c6cb27b69,HENRIK HAAPALAINEN,FI,28,32.0,24.0,10.0,30.0,30.0,15.0,18.0,9.0,18.0,21.0,21.0,21.0,7 rep,17:57.61,05:12.34,CAP+10,CAP+2,08:23.73,18:10.26,08:01.98,615 lb,,,,7.0,-1077.61,-312.34,-3065.98,-2700.6428571428573,-503.73,-1090.26,-481.98,615.0,,,,0.2886751345948118,0.4109298289633173,0.448281975060805,0.2870581471016508,-5.05220917496032,0.6114918150502759,0.0593348556502574,0.7125945547260555,0.1808772979120324,,,,1.0,,,1.0,0.993008021293985,49.20459755957418,1.0,0.9767623651244833,64.71823006102993,0.816496580927726,0.9225214549945453,,113.92282762060411
24,1475fc4176f0c930b2c62f80ccd2a21d,JAMES SPRAGUE,US,21,9.0,12.0,23.0,31.0,34.0,24.0,13.0,16.0,26.0,21.0,21.0,21.0,7 rep,16:27.65,CAP+1,CAP+14,CAP+10,08:45.15,17:43.72,08:22.99,572 lb,,,,7.0,-987.65,-13020.0,-2189.985714285714,-540.1285714285714,-525.15,-1063.72,-502.99,572.0,,,,0.2886751345948118,0.4445135122736902,-4.088811689321596,0.3698416600168585,-0.1653074725665842,-0.2215882470142057,0.3640656307823895,-0.0151836966615066,-0.3330692093710555,,,,1.0,,,1.0,0.993008021293985,43.08951709578142,1.0,0.9767623651244833,49.101663668721294,0.816496580927726,0.9225214549945453,,92.19118076450272
25,903523a901d5560f3b2d8c183ee82499,BRONISLAW OLENKOWICZ,PL,34,30.0,18.0,33.0,17.0,5.0,39.0,30.0,24.0,2.0,21.0,21.0,21.0,7 rep,17:19.30,CAP+9,17:12.14,04:54.44,09:45.51,22:39.42,08:46.89,680 lb,,,,7.0,-1039.3,-1446.6666666666667,-1032.14,-294.44,-585.51,-1359.42,-526.89,680.0,,,,0.2886751345948118,0.4252316398528281,0.0432863792805164,0.4792607934581603,0.3904194235302969,-2.569147189414403,-3.0311450024720044,-0.8430704271785332,0.9577731810143746,,,,1.0,,,1.0,0.993008021293985,83.59623848443535,1.0,0.9767623651244833,0.23074744562144867,0.816496580927726,0.9225214549945453,,83.8269859300568
26,6ddd9bc9796418f0a8e58508b6d9c2d9,JACK FARLOW,CA,21,38.0,26.0,29.0,2.0,20.0,33.0,26.0,26.0,1.0,21.0,21.0,21.0,6 rep,CAP+1,CAP+5,12:54.31,05:28.59,08:56.08,19:04.43,08:49.12,701 lb,,,,6.0,-9789.8652,-2604.0,-774.31,-328.59,-536.08,-1144.43,-529.12,701.0,,,,-3.464101615137756,-2.841511473348268,-0.3699234275796947,0.503626332689417,0.3131749941644567,-0.646684655901454,-0.5626420128089604,-0.9203167622853526,1.2087703124782083,,,,1.0,,,1.0,0.993008021293985,-9.122861955823137,1.0,0.9767623651244833,44.26831054595575,0.816496580927726,0.9225214549945453,,35.14544859013262
27,4d8061fd75c0089b24dafd8600cd6cdd,LUKE PARKER,US,29,21.0,17.0,20.0,23.0,31.0,26.0,17.0,25.0,14.0,21.0,21.0,21.0,7 rep,17:13.21,06:31.01,CAP+1,CAP+4,08:48.08,18:00.87,08:48.73,622 lb,,,,7.0,-1033.21,-391.01,-30659.8,-1350.321428571429,-528.08,-1080.87,-528.73,622.0,,,,0.2886751345948118,0.4275051462040972,0.4201939432298492,-2.320622509727392,-1.9978956109642356,-0.3355436429922164,0.1671503032196152,-0.9068073135446988,0.2645430083999769,,,,1.0,,,1.0,0.993008021293985,40.672676468480404,1.0,0.9767623651244833,40.91955155747239,0.816496580927726,0.9225214549945453,,81.59222802595279
28,13e83eb644517bdadaa194b14f15388b,DAVID SHORUNKE,GB,33,28.0,20.0,27.0,5.0,25.0,27.0,24.0,27.0,25.0,21.0,21.0,21.0,7 rep,17:43.72,CAP+5,14:04.63,05:42.01,08:48.28,18:44.34,09:00.15,575 lb,,,,7.0,-1063.72,-2604.0,-844.63,-342.01,-528.28,-1124.34,-540.15,575.0,,,,0.2886751345948118,0.4161152153703991,-0.3699234275796947,0.4969809278926828,0.2828200822438248,-0.3433221683149447,-0.3319697719497069,-1.3023916843607832,-0.2972124763047936,,,,1.0,,,1.0,0.993008021293985,112.15656486618315,1.0,0.9767623651244833,16.645219379302773,0.816496580927726,0.9225214549945453,,128.80178424548592
29,dffeefb59059efe836801a80073cfbf9,ANT HAYNES,CN,33,25.0,26.0,28.0,10.0,35.0,10.0,21.0,28.0,29.0,21.0,21.0,21.0,7 rep,CAP+1,CAP+5,15:02.37,CAP+13,08:21.29,18:17.40,09:01.09,530 lb,,,,7.0,-9789.8652,-2604.0,-902.37,-415.4835164835165,-501.29,-1097.4,-541.09,530.0,,,,0.2886751345948118,-2.841511473348268,-0.3699234275796947,0.4915243625775032,0.1166291641099774,0.7063898239875933,-0.0226462194983279,-1.3349529197869778,-0.8350634722987228,,,,1.0,,,1.0,0.993008021293985,72.49719520176389,1.0,0.9767623651244833,12.293741396490354,0.816496580927726,0.9225214549945453,,84.79093659825423
30,1b309045cc3c5938ffafaf379a879b1f,JAYSON HOPPER,US,25,33.0,11.0,38.0,19.0,14.0,37.0,31.0,31.0,31.0,21.0,21.0,21.0,7 rep,16:26.61,CAP+17,17:42.95,05:10.66,09:39.51,,,,,,,7.0,-986.61,-765.8823529411765,-1062.95,-310.66,-579.51,,,,,,,0.2886751345948118,0.4449017629477985,0.286350971551229,0.4763491762541305,0.3537311469764482,-2.335791429732475,,,,,,,1.0,,,1.0,0.993008021293985,91.20441483926422,1.0,0.9767623651244833,,0.816496580927726,0.9225214549945453,,91.20441483926422
31,ef2eb1da10347bd121e6f7693247691f,KALYAN SOUZA,BR,22,14.0,36.0,16.0,26.0,39.0,21.0,31.0,31.0,31.0,21.0,21.0,21.0,7 rep,CAP+7,06:09.86,CAP+1,CAP+15,08:37.56,,,,,,,7.0,-1398.5521714285717,-369.86,-30659.8,-360.0857142857143,-517.56,,,,,,,0.2886751345948118,0.2911163535720258,0.4277452572405867,-2.320622509727392,0.2419343359662269,0.0736067889834345,,,,,,,1.0,,,1.0,0.993008021293985,82.6750581398934,1.0,0.9767623651244833,,0.816496580927726,0.9225214549945453,,82.6750581398934
32,88e6d3e2697fa8d612f29390e1966408,COLE GREASHABER,US,23,34.0,33.0,1.0,38.0,24.0,32.0,31.0,31.0,31.0,21.0,21.0,21.0,7 rep,CAP+5,03:47.89,CAP+15,05:39.70,08:52.72,,,,,,,7.0,-1957.97304,-227.89,-2043.9866666666665,-339.7,-532.72,,,,,,,0.2886751345948118,0.0822744984440062,0.4784336756852388,0.3836389121693931,0.2880451080662287,-0.5160054304795736,,,,,,,1.0,,,1.0,0.993008021293985,116.05183377073358,1.0,0.9767623651244833,,0.816496580927726,0.9225214549945453,,116.05183377073358
33,aeff8a897279726d19ee6738af336c9f,COLE SAGER,US,32,16.0,26.0,36.0,36.0,23.0,31.0,31.0,31.0,31.0,21.0,21.0,21.0,7 rep,CAP+1,CAP+9,CAP+14,05:36.10,08:51.53,,,,,,,7.0,-9789.8652,-1446.6666666666667,-2189.985714285714,-336.1,-531.53,,,,,,,0.2886751345948118,-2.841511473348268,0.0432863792805164,0.3698416600168585,0.296188005451793,-0.4697232048093224,,,,,,,1.0,,,1.0,0.993008021293985,60.746743815838336,1.0,0.9767623651244833,,0.816496580927726,0.9225214549945453,,60.746743815838336
34,bafdff069b7a3925c0e9771e31d3fea5,ALEX VIGNEAULT,CA,31,18.0,23.0,34.0,34.0,35.0,34.0,31.0,31.0,31.0,21.0,21.0,21.0,7 rep,17:51.96,CAP+9,CAP+14,CAP+13,09:05.14,,,,,,,7.0,-1071.96,-1446.6666666666667,-2189.985714285714,-415.4835164835165,-545.14,,,,,,,0.2886751345948118,0.4130390754140021,0.0432863792805164,0.3698416600168585,0.1166291641099774,-0.9990518530211632,,,,,,,1.0,,,1.0,0.993008021293985,103.17446146931522,1.0,0.9767623651244833,,0.816496580927726,0.9225214549945453,,103.17446146931522
35,0ca5bf66985f7cdecc42d323df3860c4,MICHAL WESOLOWSKI,PL,30,12.0,32.0,39.0,39.0,33.0,29.0,31.0,31.0,31.0,21.0,21.0,21.0,7 rep,CAP+4,CAP+31,CAP+28,CAP+5,08:50.12,,,,,,,7.0,-2447.4663,-420.0,-1094.992857142857,-1080.2571428571428,-530.12,,,,,,,0.2886751345948118,-0.1004621247930108,0.4098434660113491,0.4733210511608681,-1.387032898165018,-0.4148846012840705,,,,,,,1.0,,,1.0,0.993008021293985,87.12513592148066,1.0,0.9767623651244833,,0.816496580927726,0.9225214549945453,,87.12513592148066
36,e1f9f0fed617b77d36ea23fe145599d1,KAIQUE CERVENY,BR,25,37.0,19.0,35.0,37.0,28.0,28.0,31.0,31.0,31.0,21.0,21.0,21.0,6 rep,17:19.66,CAP+9,CAP+15,05:57.00,08:48.52,,,,,,,6.0,-1039.66,-1446.6666666666667,-2043.9866666666665,-357.0,-528.52,,,,,,,-3.464101615137756,0.4250972453887136,0.0432863792805164,0.3836389121693931,0.2489139622967107,-0.3526563987022222,,,,,,,1.0,,,1.0,0.993008021293985,54.03711021765443,1.0,0.9767623651244833,,0.816496580927726,0.9225214549945453,,54.03711021765443
37,2bc60522fd42f1437e50871ce6563449,JAKE DOUGLAS,AU,32,39.0,38.0,37.0,33.0,10.0,36.0,31.0,31.0,31.0,21.0,21.0,21.0,6 rep,CAP+9,CAP+10,CAP+14,05:05.72,09:19.90,,,,,,,6.0,-1087.7628,-1302.0,-2189.985714285714,-305.72,-559.9,,,,,,,-3.464101615137756,0.4071396064209256,0.0949376051380429,0.3698416600168585,0.364905011722195,-1.573107021838706,,,,,,,1.0,,,1.0,0.993008021293985,35.96105623475784,1.0,0.9767623651244833,,0.816496580927726,0.9225214549945453,,35.96105623475784
38,97e0f3176d93e138c12afcb2197d1259,ARTHUR SEMENOV,RU,30,36.0,31.0,26.0,32.0,38.0,38.0,31.0,31.0,31.0,21.0,21.0,21.0,7 rep,CAP+3,CAP+5,CAP+14,CAP+14,09:45.03,,,,,,,7.0,-3263.2884,-2604.0,-2189.985714285714,-385.8061224489796,-585.03,,,,,,,0.2886751345948118,-0.4050231635213727,-0.3699234275796947,0.3698416600168585,0.1837569347472539,-2.550478728639848,,,,,,,1.0,,,1.0,0.993008021293985,57.914942289698644,1.0,0.9767623651244833,,0.816496580927726,0.9225214549945453,,57.914942289698644
39,af69868d8d2e778a85d70fa3c16a9c11,JASON SMITH,ZA,39,,,,,,,,,,,,,,,,,,,,,,,,,,,,,,,,,,,,,,,,,,,,,,,,,1.0,,,1.0,0.993008021293985,,1.0,0.9767623651244833,,0.816496580927726,0.9225214549945453,,0.0
